Metlink_Stop_ID,Boardings,Alightings,DailyUse
10311,321.841091156,144.157990456,465.999081612
10371,46.9351596832,3.35251140594,50.2876710892
1083,50.1777524948,16.1717457771,66.3494982719
11285,26.8200912476,6.70502281189,33.5251140594
1185,6.59510469437,79.1412570477,85.736361742
12599,56.9926939011,36.8776254654,93.8703193665
12777,,24.9881186485,24.9881186485
1291,,56.0583891869,56.0583891869
1292,7.13946247101,142.789248466,149.928710938
13401,208.596467972,114.076193333,322.672661304
13995,203.431490421,42.3185873032,245.750077724
14033,45.6304769516,140.15075016,185.781227112
14614,91.26095438,215.115107059,306.37606144
14728,482.379335403,560.603009701,1042.9823451
15559,139.802472591,42.3185873032,182.121059895
15699,117.335513115,130.372792721,247.708305836
1575,274.905932426,329.755231619,604.661164045
16610,65.1863970757,65.1863965988,130.372793674
16713,278.439031124,945.978751659,1224.41778278
16714,157.068174362,771.061929226,928.130103588
16715,35.697312355,574.726716995,610.42402935
16716,82.1038179398,356.973118305,439.076936245
16717,92.8130116463,253.450913906,346.263925552
16718,22.8152384758,74.9643549919,97.7795934677
16719,460.495322704,613.9937644,1074.4890871
16720,85.6735496521,210.614140987,296.287690639
16721,331.985002518,735.36461544,1067.34961796
16722,174.916829586,660.400268555,835.317098141
16723,192.76548481,371.252043247,564.017528057
16724,378.391505718,431.937474728,810.328980446
16725,303.427150249,571.156988621,874.58413887
16726,553.308330059,606.854298592,1160.16262865
16727,660.400265694,1013.80364799,1674.20391369
16728,207.044411182,606.854295254,813.898706436
16729,10.7091937065,35.697312355,46.4065060616
16730,171.347095966,317.706077099,489.053173065
16731,82.1038184166,917.42091465,999.524733067
16732,46.4065055847,328.415267944,374.821773529
16733,32.1275811195,135.649785519,167.777366638
16734,110.661666393,267.729838848,378.391505241
16735,449.786125183,414.08881855,863.874943733
16736,549.738598347,1192.29020262,1742.02880096
16738,97.7795929909,234.671028614,332.450621605
16739,42.3711576462,169.484630585,211.855788231
16740,29.3338780403,169.484630108,198.818508148
16741,68.4457159042,130.372791767,198.818507671
16742,16.2965989113,81.4829945564,97.7795934677
16743,48.8897967339,172.743949413,221.633746147
16744,254.226946831,101.038914204,355.265861034
16745,9.77795934677,78.223675251,88.0016345978
16746,6.51863956451,55.4084362984,61.9270758629
16747,215.115109444,371.562458992,586.677568436
16748,192.299868107,215.115110397,407.414978504
16749,29.333878994,61.9270768166,91.2609558105
16750,3.25931978226,61.9270763397,65.186396122
16751,9.77795934677,140.150750637,149.928709984
16752,6.51863956451,179.262590885,185.78123045
16753,9.77795934677,91.2609548569,101.038914204
16754,,58.6677560806,58.6677560806
16755,,9.77795934677,9.77795934677
16757,671.419882774,511.713211536,1183.13309431
16758,6.51863956451,,6.51863956451
16759,81.4829964638,19.5559186935,101.038915157
16760,68.4457159042,16.2965989113,84.7423148155
16761,176.003269672,19.5559186935,195.559188366
16762,149.928710938,48.8897967339,198.818507671
16764,29.3338785172,6.51863956451,35.8525180817
16765,52.1491165161,9.77795934677,61.9270758629
16766,81.4829945564,286.820147991,368.303142548
16767,244.448986053,192.299868584,436.748854637
16768,55.4084367752,6.51863956451,61.9270763397
16769,58.6677565575,22.8152384758,81.4829950333
16770,110.816873074,130.372792244,241.189665318
16771,130.372792244,32.5931978226,162.965990067
16772,48.8897967339,19.5559186935,68.4457154274
16773,153.18803072,42.3711571693,195.559187889
16774,91.2609548569,19.5559186935,110.81687355
16775,130.372794151,26.0745587349,156.447352886
16776,166.225309372,52.1491165161,218.374425888
16777,110.816874027,6.51863956451,117.335513592
16778,81.4829950333,6.51863956451,88.0016345978
1696,40.2301368713,3.35251140594,43.5826482773
17306,599.139088631,514.041282654,1113.18037128
17307,24.3835678101,13.9334669113,38.3170347214
17308,188.101807833,13.9334669113,202.035274744
17309,212.485372066,17.4168336391,229.902205706
17310,83.6008017063,,83.6008017063
17311,289.119443655,3.48336672783,292.602810383
17312,599.139083862,240.352307796,839.491391659
17313,849.941496134,111.467736006,961.40923214
17314,675.773158312,66.1839678288,741.957126141
17315,424.970744848,90.5675349236,515.538279772
17316,303.052908182,97.5342683792,400.587176561
17317,87.0841696262,62.7006018162,149.784771442
17318,560.822054148,397.103813171,957.925867319
17319,327.436477184,69.6673352718,397.103812456
17320,797.690991879,243.835673094,1041.52666497
17321,633.972758055,156.751504183,790.724262238
17322,313.503005743,184.61843729,498.121443033
17323,452.837684631,167.201605082,620.039289713
17324,560.822059393,289.119441509,849.941500902
17325,543.405219555,522.505019903,1065.91023946
17327,842.974761724,142.818035841,985.792797565
17328,101.01763463,13.9334669113,114.951101542
17329,435.420849562,334.40320158,769.824051142
17330,870.841698647,94.0509016514,964.892600298
17331,243.835674524,48.7671349049,292.602809429
17332,233.385574341,20.900200367,254.285774708
17333,188.101806879,66.1839678288,254.285774708
17334,404.070547581,411.037279606,815.107827187
17335,961.409234762,877.80842638,1839.21766114
17591,3030.18678522,1250.57841015,4280.76519537
17593,5384.16276717,5362.20112085,10746.363888
17594,6252.94324017,3180.04953742,9432.99277759
17596,1617.52270293,2873.81686997,4491.33957291
17597,1580.37761235,3406.8258872,4987.20349956
17602,127.113472462,68.4457159042,195.559188366
17603,391.118378162,495.416615963,886.534994125
17604,169.484630585,84.742316246,254.226946831
17605,42.3711571693,22.8152389526,65.186396122
17606,84.7423143387,140.15075016,224.893064499
1784,21.418387413,189.195755005,210.614142418
17848,1845.09043598,6978.63927746,8823.72971344
17849,4765.352005,590.295671701,5355.64767671
17850,9516.77021027,,9516.77021027
17851,3471.72187471,236.127641678,3707.84951639
17852,5080.11606121,1485.33563232,6565.45169353
17853,2684.4018321,1301.7409749,3986.14280701
17854,5910.78206635,2022.67912102,7933.46118736
17855,973.989634037,1440.5502553,2414.53988934
17856,1898.28190994,2864.94854641,4763.23045635
17857,98.3907165527,295.172149658,393.562866211
17858,52.709312439,274.088424683,326.797737122
17859,140.558166504,372.479141235,513.037307739
17860,84.3348999023,628.997795105,713.332695007
17861,618.75818634,139.046783447,757.804969788
17862,215.522514343,76.475730896,291.998245239
17863,132.094444275,38.237865448,170.332309723
17864,166.856140137,201.617839813,368.47397995
17865,324.766367912,694.521426201,1019.28779411
17866,192.499189377,362.270129204,554.769318581
17867,860.305204868,1756.30771208,2616.61291695
17868,1045.01003551,947.475769043,1992.48580456
17869,193.053367138,133.438495874,326.491863012
17870,670.70284009,502.828309774,1173.53114986
17871,2775.38144588,1378.76369143,4154.14513731
17872,795.544462442,757.346185446,1552.89064789
17873,1256.23590684,5395.08552194,6651.32142878
17874,1391.81372738,2196.09900069,3587.91272807
17875,729.081611633,5176.87494683,5905.95655847
17876,163.759616852,4366.40021706,4530.15983391
17877,76.475730896,5761.38421488,5837.85994577
17878,1207.2852087,877.969658136,2085.25486684
17879,594.585331678,720.910897493,1315.49622917
17880,1506.83260441,3390.53314567,4897.36575007
17882,2334.85024619,1253.63414478,3588.48439097
17885,3671.90903211,1342.93239021,5014.84142232
17886,1894.2493279,1281.31044722,3175.55977511
17887,3837.4377265,5374.95947528,9212.39720178
17888,5383.5754168,4427.92783356,9811.50325036
17889,982.112538815,3054.8440063,4036.95654511
1789,30.1726026535,10.0575342178,40.2301368713
17891,1495.101753,2235.37688661,3730.4786396
17892,2265.35499859,1270.75827527,3536.11327386
17893,586.306910992,717.289486408,1303.5963974
17894,887.946270466,980.582129955,1868.52840042
17895,2646.96612668,1951.14382458,4598.10995126
17896,488.704118729,326.555914879,815.260033607
17897,472.532372475,2375.65971351,2848.19208598
17898,3247.50717044,2362.19027853,5609.69744897
17901,5030.8085382,7881.17140794,12911.9799461
17902,4080.3355732,2946.99816823,7027.33374143
17903,1370.42365837,3139.16822457,4509.59188294
17904,935.989769697,2183.89186907,3119.88163877
17905,3093.90608311,4803.85411286,7897.76019597
17906,5028.65230775,3927.04404807,8955.69635582
17907,1621.75660515,543.854311228,2165.61091638
17908,3521.78059077,1637.02907467,5158.80966544
17909,2001.44753361,1601.30262041,3602.75015402
17910,4198.86541009,4024.86295033,8223.72836041
17911,7906.05930257,4923.66944695,12829.7287495
17914,1840.75780249,3764.29126906,5605.04907155
17915,2386.11090565,645.071299553,3031.1822052
17917,167.460692883,80.8587284088,248.319421291
17918,4.23185873032,4.23185873032,8.46371746063
17919,12.6955761909,93.1008925438,105.796468735
17920,46.5504460335,122.723904133,169.274350166
17921,131.18762207,393.562867165,524.750489235
17922,12.6955766678,71.9415988922,84.63717556
17923,29.6230111122,63.4778814316,93.1008925438
17924,4.23185873032,59.2460222244,63.4778809547
17925,21.1592936516,46.5504460335,67.7097396851
17926,38.0867285728,181.969926834,220.056655407
17927,29.6230111122,363.939857006,393.562868118
17928,80.4053163528,342.780560493,423.185876846
17929,16.9274349213,126.955762386,143.883197308
17930,29.6230111122,203.129221439,232.752232552
17931,21.1592936516,42.3185873032,63.4778809547
17932,397.794726849,21.1592941284,418.954020977
17933,156.578774929,,156.578774929
17934,1641.96118546,1189.15229797,2831.11348343
17935,129.978516102,35.8196611404,165.798177242
17936,131.641031265,49.7243394852,181.36537075
17937,45.1902046204,28.1116328239,73.3018374443
17938,149.626431942,127.862589836,277.489021778
17939,,16.9274349213,16.9274349213
17940,4.23185873032,71.941599369,76.1734580994
17941,,8.46371746063,8.46371746063
17942,,25.3911523819,25.3911523819
17944,253.760381699,231.920974731,485.68135643
17945,173.808479309,72.9995613098,246.808040619
17946,163.379970551,27.8093566895,191.18932724
17947,187.713157654,52.1425437927,239.855701447
17948,260.712718964,90.3804092407,351.093128204
17949,371.950145721,72.9995613098,444.949707031
17950,55.6187133789,13.9046783447,69.5233917236
17951,72.9995613098,13.9046783447,86.9042396545
17952,166.856140137,24.3331871033,191.18932724
17953,128.618274689,93.8565788269,222.474853516
17954,295.474414825,434.521198273,729.995613098
17955,323.283771515,139.046783447,462.330554962
17956,139.046783447,72.9995613098,212.046344757
17957,149.475292206,111.237426758,260.712718964
17958,86.9042396545,152.951461792,239.855701447
17959,838.210308075,668.709236145,1506.91954422
17961,267.665058136,257.236549377,524.901607513
18006,275.24462533,706.894218922,982.138844252
18008,1166.81107831,1679.98216701,2846.79324532
18009,112.964720726,50.0913901329,163.056110859
18010,320.368984938,189.958644152,510.327629089
18011,421.285864353,85.0689988136,506.354863167
18012,341.960100412,238.322744131,580.282844543
18030,1073.29438639,819.426048756,1892.72043514
18031,906.049607992,461.44533658,1367.49494457
18032,243.28869915,413.685791254,656.974490404
18033,252.875154018,525.916416407,778.791570425
18034,105.278283834,893.829025984,999.107309818
18035,138.917242527,710.650002241,849.567244768
18037,45.0975220203,1432.69827151,1477.79579353
18038,6467.32089806,5377.55919838,11844.8800964
18039,1607.82588124,7.81266212463,1615.63854337
18040,495.143784046,40.0948534012,535.238637447
18041,632.713923216,285.129563093,917.843486309
18042,1051.52719736,114.0276649,1165.55486226
18043,631.935420752,379.79769516,1011.73311591
18044,405.261922121,199.103304148,604.365226269
18045,537.399555445,880.598641634,1417.99819708
18046,560.352573872,1153.89565253,1714.2482264
18047,259.073461533,280.073312998,539.14677453
18048,120.358843565,442.239201784,562.598045349
18049,109.4503479,247.753070593,357.203418493
18050,240.983426332,333.699001074,574.682427406
18051,2109.25665069,2365.07033801,4474.3269887
18052,738.318484545,122.769649506,861.08813405
18053,368.014537096,193.117855787,561.132392883
18054,352.320384979,169.709629297,522.030014277
18055,188.994816303,98.8199489117,287.814765215
18056,506.601867437,98.6869485378,605.288815975
18057,90.3804092407,20.8570175171,111.237426758
18058,86.9042396545,10.4285087585,97.3327484131
18059,333.712280273,66.0472221375,399.759502411
18060,285.045906067,100.808917999,385.854824066
18061,145.99912262,31.2855262756,177.284648895
18062,35.9103460312,199.13918972,235.049535751
18063,,,0.0
18064,45.7040758133,3.26457691193,48.9686527252
18065,19.5874614716,3.26457691193,22.8520383835
18066,101.201882362,9.79373073578,110.995613098
18067,176.287150383,140.376805305,316.663955688
18068,146.905961037,29.3811922073,176.287153244
18069,329.722267151,16.3228845596,346.045151711
18071,391.74922657,130.583076477,522.332303047
18072,215.462075233,182.816299438,398.278374672
18073,32.6457691193,,32.6457691193
18074,231.784960747,26.1166152954,257.901576042
18075,221.991229057,22.8520383835,244.843267441
18076,310.134804726,91.4081535339,401.54295826
18077,368.897185326,35.9103460312,404.807531357
18078,499.48026371,22.8520383835,522.332302094
18079,97.9373073578,13.0583076477,110.995615005
18080,107.73103714,6.52915382385,114.260190964
18081,313.399381638,39.1749229431,352.574304581
18082,140.376807213,13.0583076477,153.435114861
18083,264.430727959,42.439499855,306.870227814
18084,146.905961037,9.79373073578,156.699691772
18085,78.3498458862,3.26457691193,81.6144227982
18086,538.655177116,506.130310059,1044.78548717
18087,1184.06570673,414.060875177,1598.12658191
18089,1521.29182434,2164.6487782,3685.94060254
18090,3761.02675962,2307.99530458,6069.02206421
18091,390.879589319,451.600717783,842.480307102
18092,483.827014208,399.747894287,883.574908495
18093,137.016117334,121.111769676,258.127887011
18094,82.5289974213,198.680344105,281.209341526
18095,144.518752813,293.67239666,438.191149473
18096,456.994235754,278.52761364,735.521849394
18097,76.0804510117,174.839323997,250.919775009
18098,180.419796944,220.816220045,401.236016989
18099,572.053617477,263.23987627,835.293493748
18100,280.404998302,96.3286118507,376.733610153
18101,317.101777077,687.321391582,1004.42316866
18102,619.401524782,161.730380058,781.13190484
18103,212.929498672,69.6939089298,282.623407602
18104,126.662962198,174.162434578,300.825396776
18105,302.740664005,489.593507051,792.334171057
18106,156.409501553,201.097929478,357.50743103
18108,38.3043680191,79.8007659912,118.10513401
18116,6.38406133652,41.4963984489,47.8804597855
18118,9.57609200478,35.1123366356,44.6884286404
18121,19.1521840096,25.5362453461,44.6884293556
18126,157.957150221,37.7723610401,195.729511261
18155,34.3385100365,30.9046590328,65.2431690693
18161,68.6770200729,30.9046590328,99.5816791058
18172,260.972684383,99.5816791058,360.554363489
18173,218.892196417,623.022619486,841.914815903
18174,215.406256199,396.053614616,611.459870815
18175,2759.65555072,4068.55554008,6828.2110908
18176,1762.34689021,1161.0806613,2923.42755151
18178,477.10068059,1022.33151484,1499.43219543
18179,79.3245632648,341.335214376,420.659777641
18180,76.2367010117,224.111795664,300.348496675
18181,128.689426899,316.952265739,445.641692638
18182,194.751064777,400.183161974,594.934226751
18183,136.573825121,962.618445396,1099.19227052
18184,1202.51346374,572.704761028,1775.21822476
18185,3562.42577958,1207.63762259,4770.06340218
18186,692.403002024,674.705345154,1367.10834718
18187,1192.82612228,3971.90174365,5164.72786593
18189,99.8143758774,357.009366035,456.823741913
18190,100.941745043,668.642158747,769.58390379
18191,370.775918961,,370.775918961
18192,350.880702972,101.860547543,452.741250515
18193,609.320023537,623.12324667,1232.44327021
18194,2956.23363352,795.570004225,3751.80363774
18195,1074.01034975,744.6657269,1818.67607665
18196,472.499400377,482.339846611,954.839246988
18197,1103.95730186,3706.03246999,4809.98977184
18198,260.350684881,770.495079756,1030.84576464
18199,914.806961536,556.428979874,1471.23594141
18200,191.763657093,286.073653698,477.837310791
18201,594.152977943,807.922304153,1402.0752821
18202,72.304330349,53.4423308372,125.746661186
18203,106.884661913,166.614326239,273.498988152
18204,244.843266487,215.462073326,460.305339813
18205,274.224452019,84.8789997101,359.103451729
18206,40.8676645756,179.188990355,220.05665493
18207,88.1435747147,150.170536041,238.314110756
18208,395.013802528,1051.19373989,1446.20754242
18209,453.776186943,287.282764435,741.058951378
18210,391.749224663,1256.86207771,1648.61130238
18211,346.045150757,976.108469963,1322.15362072
18212,78.3498458862,277.489035606,355.838881493
18213,84.8789997101,192.610038757,277.489038467
18214,212.197498322,313.39937973,525.596878052
18215,124.053922653,352.574300766,476.628223419
18216,107.731038094,176.287153244,284.018191338
18217,62.0269613266,104.466461182,166.493422508
18218,39.1749229431,332.986844063,372.161767006
18219,16.3228845596,228.520381927,244.843266487
18220,22.8520383835,385.220069885,408.072108269
18221,276.642655849,34.5803315639,311.222987413
18222,308.079320431,144.608659744,452.687980175
18223,97.4536623955,56.5859971046,154.0396595
18224,562.377746105,19.7325525284,582.110298634
18225,292.69952774,23.0213112831,315.720839024
18226,309.143320084,39.4651050568,348.60842514
18227,312.4320755,69.0639333725,381.496008873
18228,13.1550350189,52.6201400757,65.7751750946
18229,118.492040634,365.632584333,484.124624968
18230,71.0952239037,250.526029348,321.621253252
18231,44.0113289356,345.319662094,389.33099103
18232,121.877528429,524.75048089,646.628009319
18233,254.636989594,116.31566143,370.952651024
18234,301.791986465,72.3043296337,374.096316099
18341,3.22427344322,96.7282030582,99.9524765015
18342,19.3456406593,106.401023388,125.746664047
18343,38.6912813187,125.746664047,164.437945366
18347,98.7433726788,169.677389145,268.420761824
18348,61.2611951828,127.761834383,189.023029566
18349,132.195209503,105.191920757,237.38713026
18350,4.23185873032,62.2687804699,66.5006392002
18351,9.67282032967,114.864741087,124.537561417
18352,83.8311078548,194.262473106,278.093580961
18353,59.0445070267,148.115060806,207.159567833
18354,6.44854688644,77.3825621605,83.8311090469
18355,3.22427344322,78.1886303425,81.4129037857
18356,3.22427344322,286.758814096,289.98308754
18357,26.6002552509,120.305702209,146.90595746
18358,47.1549985409,67.7097420692,114.86474061
18359,6.44854688644,59.0445070267,65.4930539131
18360,25.7941875458,180.156276703,205.950464249
18361,,67.5082244873,67.5082244873
18362,32.2427344322,131.993692875,164.236427307
18363,3.22427344322,110.431364536,113.65563798
18364,111.521924019,47.7951097488,159.317033768
18365,215.0779953,75.6755919456,290.753587246
18367,119.487776279,23.8975548744,143.385331154
18368,147.368258476,39.8292589188,187.197517395
18369,71.6926674843,27.8804812431,99.5731487274
18370,87.624370575,19.9146294594,107.539000034
18371,19.9146294594,63.72681427,83.6414437294
18372,195.163367271,681.080318928,876.243686199
18373,67.7097401619,83.6414437294,151.351183891
18374,163.299962521,175.248736858,338.548699379
18375,127.453630924,71.6926660538,199.146296978
18376,99.5731449127,67.7097392082,167.282884121
18392,151.351182461,67.7097392082,219.060921669
18393,51.7780365944,55.7609624863,107.538999081
18394,242.958473682,171.265814304,414.224287987
18395,75.6755914688,43.8121843338,119.487775803
18396,63.72681427,39.8292589188,103.556073189
18397,63.7268137932,31.863407135,95.5902209282
18398,23.8975553513,35.8463330269,59.7438883781
18399,87.6243686676,35.8463330269,123.470701694
18400,23.8975553513,15.9317035675,39.8292589188
18401,127.45362711,15.9317035675,143.385330677
18402,39.8292584419,11.9487776756,51.7780361176
18403,410.241361618,51.7780361176,462.019397736
18404,274.821885109,163.29995966,438.121844769
18405,91.6072940826,19.9146294594,111.521923542
18406,63.72681427,,63.72681427
18407,95.5902209282,,95.5902209282
18408,107.538998127,,107.538998127
18409,55.7609620094,3.98292589188,59.7438879013
18410,15.9317035675,,15.9317035675
18411,246.941403389,287.161844015,534.103247404
18412,287.996696949,292.084622383,580.081319332
18413,38.6337029934,,38.6337029934
18414,70.24309659,7.02430963516,77.2674062252
18415,42.145857811,10.5364644527,52.6823222637
18416,42.1458582878,3.51215481758,45.6580131054
18417,98.3403351307,35.1215484142,133.461883545
18418,31.6093933582,3.51215481758,35.1215481758
18419,70.2430970669,17.5607743263,87.8038713932
18420,73.7552511692,10.5364644527,84.2917156219
18421,63.2187867165,10.5364644527,73.7552511692
18422,70.24309659,17.5607740879,87.8038706779
18423,193.168516397,151.022658587,344.191174984
18424,70.24309659,10.5364644527,80.7795610428
18425,77.2674062252,3.51215481758,80.7795610428
18426,133.461883545,31.6093933582,165.071276903
18427,70.2430968285,31.6093935966,101.852490425
18428,31.6093933582,24.5850837231,56.1944770813
18429,80.7795608044,228.290064573,309.069625378
18430,154.419665337,85.7586624622,240.178327799
18431,91.3936312199,34.9287946224,126.322425842
18432,150.714754105,186.492171049,337.206925154
18433,77.2674062252,7.02430963516,84.2917158604
18437,10.5364644527,3.51215481758,14.0486192703
18438,10.5364644527,3.51215481758,14.0486192703
18439,52.6823225021,10.5364644527,63.2187869549
18440,14.0486192703,7.02430963516,21.0729289055
18441,140.645836353,105.683931351,246.329767704
18442,40.389780283,23.7868666649,64.1766469479
18443,418.265711784,92.9124596119,511.178171396
18444,484.038788319,57.9505543709,541.98934269
18445,347.384039164,30.8111763,378.195215464
18446,363.348379374,93.2317457199,456.580125093
18447,374.683062315,88.9213740826,463.604436398
18448,65.2941505909,79.8217024803,145.115853071
18449,378.833792686,694.927726269,1073.76151896
18450,330.084986925,128.890326977,458.975313902
18451,287.161849022,279.50419569,566.666044712
18452,84.2341439724,3.82882475853,88.0629687309
18453,42.1170721054,,42.1170721054
18454,80.4053192139,3.82882475853,84.2341439724
18455,84.2341439724,3.82882475853,88.0629687309
18456,45.9458968639,57.4323706627,103.378267527
18457,735.134337187,551.350737333,1286.48507452
18459,7.65764951706,,7.65764951706
18460,,19.1441235542,19.1441235542
18461,45.9458971024,80.4053194523,126.351216555
18462,65.0900206566,30.6305978298,95.7206184864
18463,3.82882475853,15.3152990341,19.1441237926
18464,65.090020895,256.531256199,321.621277094
18465,260.924320221,220.056656361,480.980976582
18466,144.608659983,122.602994204,267.211654186
18467,185.476324797,62.8733308315,248.349655628
18468,186.674916983,77.733027935,264.407944918
18469,974.536625862,465.262643814,1439.79926968
18479,122.988395691,28.1116333008,151.100028992
18480,164.43793726,49.331381321,213.769318581
18481,177.592970371,32.8875875473,210.480557919
18482,154.571659565,26.310069561,180.881729126
18483,305.854561329,101.951521397,407.806082726
18484,154.571659565,26.3100700378,180.881729603
18485,30.9832515717,108.290243149,139.27349472
18486,15.4916257858,65.4048886299,80.8965144157
18487,28.1872019768,107.647907257,135.835109234
18488,40.8827781677,256.594222546,297.477000713
18489,4.23185873032,159.639315128,163.871173859
18490,65.5560264587,130.80977726,196.365803719
18491,38.0867290497,83.6925640106,121.77929306
18492,101.564609528,114.260186672,215.8247962
18493,118.492046356,25.3911523819,143.883198738
18494,423.1858778,101.564610958,524.750488758
18495,38.0867290497,42.3185873032,80.4053163528
18496,249.679669857,4.23185873032,253.911528587
18497,12.6955761909,21.1592936516,33.8548698425
18498,21.1592936516,12.6955761909,33.8548698425
18499,84.63717556,114.260187149,198.897362709
18500,186.201785088,59.2460231781,245.447808266
18501,232.752234936,131.187621117,363.939856052
18505,296.230110645,67.7097396851,363.93985033
18506,84.6371750832,88.8690338135,173.506208897
18507,12.6955761909,46.5504469872,59.2460231781
18508,16.9274353981,283.534537315,300.461972713
18509,,169.274352551,169.274352551
18510,533.214202881,313.157550812,846.371753693
18511,16.9274349213,,16.9274349213
18512,59.2460222244,12.6955761909,71.9415984154
18513,46.5504465103,21.1592936516,67.7097401619
18514,21.1592936516,4.23185873032,25.3911523819
18515,46.5504460335,76.1734571457,122.723903179
18516,35.9330148697,84.4104685783,120.343483448
18517,31.7011561394,150.533261776,182.234417915
18518,49.9888315201,191.340471745,241.329303265
18519,35.139541626,70.279083252,105.418624878
18520,49.1953582764,147.586074829,196.781433105
18521,14.0558166504,144.072120667,158.127937317
18522,73.7930374146,154.613983154,228.407020569
18523,70.279083252,333.825645447,404.104728699
18524,80.8209457397,414.646591187,495.467536926
18525,14.0558166504,91.3628082275,105.418624878
18526,21.0837249756,112.446533203,133.530258179
18527,52.709312439,122.988395691,175.69770813
18528,42.1674499512,151.100028992,193.267478943
18529,513.037307739,386.534957886,899.572265625
18530,137.044212341,323.283782959,460.3279953
18531,91.3628082275,147.586074829,238.948883057
18532,137.044212341,126.502349854,263.546562195
18533,137.044212341,108.932579041,245.976791382
18536,358.423324585,249.490745544,607.914070129
18537,17.569770813,87.8488540649,105.418624878
18538,17.569770813,115.960487366,133.530258179
18539,126.502349854,379.507049561,506.009399414
18540,73.7930374146,305.714012146,379.507049561
18541,35.139541626,140.558166504,175.69770813
18542,157.183325052,18.8619990349,176.045324087
18543,,9.43099951744,9.43099951744
18544,12.5746660233,28.2929987907,40.867664814
18545,,56.5859973431,56.5859973431
18546,40.8676645756,172.901657343,213.769321918
18547,176.045325279,116.315660715,292.360985994
18548,40.8676645756,166.614325285,207.481989861
18549,59.7296636105,232.631322384,292.360985994
18550,301.791987181,506.130313396,807.922300577
18551,88.0226626396,179.188990831,267.211653471
18552,15.7183325291,53.4423308372,69.1606633663
18553,28.2929987907,94.3099954128,122.602994204
18554,31.4366650581,185.47632432,216.912989378
18555,128.890327215,242.062322855,370.95265007
18556,34.5803320408,282.929987431,317.510319471
18557,50.298664093,408.676648378,458.975312471
18558,18.8619990349,94.3099954128,113.171994448
18559,,103.740994692,103.740994692
18560,66.0169966221,311.222985029,377.239981651
18561,12.5746660233,132.033993721,144.608659744
18562,59.7296640873,232.631321907,292.360985994
18563,,94.3099958897,94.3099958897
18564,6.28733301163,91.1663291454,97.4536621571
18565,,12.5746660233,12.5746660233
18566,460.175464392,414.520641565,874.696105957
18567,126.82142067,3.40339970589,130.224820375
18568,177.872416735,8.23980975151,186.112226486
18569,110.341800928,10.2101991177,120.552000046
18570,252.209829569,21.8534085751,274.063238144
18571,69.9488201141,13.6135988235,83.5624189377
18573,82.2189688683,32.8875870705,115.106555939
18574,636.614868164,20.4203982353,657.035266399
18575,162.825807333,5.8216047287,168.647412062
18576,116.163405657,29.6454026699,145.808808327
18577,106.938401461,89.9214024544,196.859803915
18578,232.326812267,123.418020725,355.744832993
18579,86.5180032253,47.6475963593,134.165599585
18580,27.2271976471,,27.2271976471
18581,167.662217617,176.439406872,344.101624489
18582,134.613415003,224.445254087,359.05866909
18583,109.356606245,31.0784127712,140.435019016
18584,223.101807117,245.492595911,468.594403028
18588,187.186984301,23.8237979412,211.010782242
18589,44.2441961765,10.2101991177,54.4543952942
18591,714.63716054,771.119510651,1485.75667119
18592,30.5730199814,166.453109741,197.026129723
18593,6.79400444031,98.5130643845,105.307068825
18594,23.7790155411,91.7190589905,115.498074532
18595,159.659105301,747.340510368,906.999615669
18596,33.9700222015,20.3820133209,54.3520355225
18597,30.5730199814,67.9400444031,98.5130643845
18598,40.7640266418,91.7190589905,132.483085632
18599,448.404299736,421.228275299,869.632575035
18601,44.161028862,64.5430421829,108.704071045
18602,105.307068825,112.101073265,217.40814209
18603,57.7490377426,101.910066605,159.659104347
18604,254.775170326,10.1910066605,264.966176987
18605,125.689082146,108.704071045,234.393153191
18606,349.891228676,322.715211868,672.606440544
18607,84.9250555038,91.7190599442,176.644115448
18608,122.292078972,64.5430421829,186.835121155
18609,424.625282288,366.876246452,791.50152874
18610,190.232125282,227.599149704,417.831274986
18611,258.172171593,322.7152071,580.887378693
18612,142.674093246,71.3370466232,214.01113987
18613,247.981163979,197.026130676,445.007294655
18614,122.292079926,98.5130653381,220.805145264
18615,30.5730199814,30.5730209351,61.1460409164
18616,207.217135429,91.7190599442,298.936195374
18617,146.071099281,16.9850111008,163.056110382
18618,227.599150658,27.1760177612,254.775168419
18619,210.024617195,460.895873785,670.92049098
18620,142.80552578,171.736371756,314.541897535
18621,662.415435791,16.9850111008,679.400446892
18622,241.187160492,176.989576101,418.176736593
18623,21.3432888985,91.4712376595,112.814526558
18624,85.3731546402,42.6865773201,128.05973196
18625,307.953163624,195.13863945,503.091803074
18632,919.084400177,476.990953445,1396.07535362
18633,197.118763924,191.730371475,388.849135399
18634,84.8036501408,252.711194754,337.514844894
18635,85.5834326744,174.215906858,259.799339533
18636,298.297863483,197.118762493,495.416625977
18637,102.458298922,235.196731806,337.655030727
18638,21.4133813381,61.8307015896,83.2440829277
18639,29.7807219028,23.6826393604,53.4633612633
18640,98.5593822002,137.417134047,235.976516247
18641,114.58437109,173.576308489,288.160679579
18645,356.939340353,321.489852428,678.429192781
18646,15.3152990341,7.65764951706,22.9729485512
18647,49.7747211456,30.6305980682,80.4053192139
18648,7.65764951706,42.1170723438,49.7747218609
18649,3.82882475853,30.6305980682,34.4594228268
18650,15.3152990341,22.9729483128,38.2882473469
18651,137.837688446,754.278457403,892.116145849
18652,34.4594225883,,34.4594225883
18653,22.9729485512,53.6035442352,76.5764927864
18654,19.1441237926,72.7476699352,91.8917937279
18655,,49.7747216225,49.7747216225
18656,,88.0629684925,88.0629684925
18657,,19.1441237926,19.1441237926
18658,203.903038979,9.86627626419,213.769315243
18659,292.699525833,78.9302105904,371.629736423
18660,272.966973305,9.86627626419,282.833249569
18661,243.368145943,3.28875875473,246.656904697
18662,430.827395916,3.28875875473,434.116154671
18663,292.69952774,402.872950077,695.572477818
18665,33.4828400612,127.234791994,160.717632055
18666,36.8311240673,60.2691104412,97.1002345085
18667,110.49337244,53.5725443363,164.065916777
18668,475.456323624,210.94188261,686.398206234
18669,113.841655493,66.9656801224,180.807335615
18670,103.796802998,341.524956942,445.321759939
18699,80.35881567,197.548753023,277.907568693
18700,234.379877806,160.717631578,395.097509384
18702,170.762485266,93.7519526482,264.514437914
18703,1325.92042375,1064.7542901,2390.67471385
18704,542.422004461,358.266387224,900.688391685
18705,344.873249769,43.527692318,388.400942087
18706,324.783536673,33.4828400612,358.266376734
18707,331.4801085,26.786272049,358.266380548
18708,529.028868198,70.3139641285,599.342832327
18709,364.962951422,43.527692318,408.49064374
18710,143.331545353,91.9144616127,235.246006966
18711,46.2807235718,172.444060564,218.724784136
18712,72.8288943768,248.442662001,321.271556377
18713,99.1984894276,414.844930887,514.043420315
18714,72.9479453564,363.90637064,436.854315996
18715,39.8817818165,169.095777512,208.977559328
18716,89.6298398972,295.021014214,384.650854111
18717,69.1829829216,308.592724323,377.775707245
18718,46.4592993259,298.071670532,344.530969858
18719,66.1323266029,261.776273251,327.908599854
18720,63.2007176876,344.590496063,407.791213751
18721,172.205959797,345.602422476,517.808382273
18722,46.8759760857,83.7071003914,130.583076477
18723,3.34828400612,56.9208283424,60.2691123486
18724,,207.59360528,207.59360528
18725,,220.986740828,220.986740828
18726,3.28875875473,101.951520443,105.240279198
18727,,134.839106083,134.839106083
18728,3.28875875473,39.4651045799,42.7538633347
18729,,197.325525761,197.325525761
18730,,36.176346302,36.176346302
18732,161.641891479,115.960487366,277.602378845
18733,101.904670715,84.3348999023,186.239570618
18734,213.610628605,77.3069915771,290.917620182
18735,196.781433105,150.359453678,347.140886784
18736,294.431574345,132.049107552,426.480681896
18737,119.474441528,69.5385079384,189.012949467
18738,122.247820377,14.0558166504,136.303637028
18781,214.290175438,20.0897040367,234.379879475
18782,200.897041082,3.34828400612,204.245325089
18783,100.448519468,16.7414200306,117.189939499
18784,107.145088673,6.69656801224,113.841656685
18785,36.8311240673,26.7862725258,63.6173965931
18786,13.3931360245,6.69656801224,20.0897040367
18787,341.524958134,,341.524958134
18788,178.72395134,248.859341621,427.583292961
18789,619.938476086,553.80615592,1173.74463201
18790,175.435192347,414.547307491,589.982499838
18791,96.0287816525,431.34825182,527.377033472
18792,59.9714860916,195.524897814,255.496383905
18793,23.1403617859,212.147266388,235.287628174
18794,43.1110153198,328.027651072,371.138666391
18795,29.8369297981,301.836631298,331.673561096
18899,335.09411931,528.550519466,863.644638777
18918,155.456034899,141.6377213,297.093756199
18923,62.1824147701,110.546514511,172.728929281
18931,31.0912070274,134.728562593,165.819769621
18933,58.7278356552,373.094483614,431.822319269
18934,366.18532443,549.277979136,915.463303566
18935,72.5461502075,148.546879292,221.093029499
18936,20.7274718285,51.8186795712,72.5461513996
18937,72.5461513996,117.455672264,190.001823664
18938,96.7282018661,193.456398249,290.184600115
18939,6.90915727615,89.8190438747,96.7282011509
18940,48.3641009331,131.273986101,179.638087034
18941,203.820132971,62.1824140549,266.002547026
18942,3.45457863808,72.5461513996,76.0007300377
18943,6.90915727615,65.6369934082,72.5461506844
18944,3.45457863808,38.0003650188,41.4549436569
18945,72.5461485386,55.2732582092,127.819406748
18946,79.4553079605,217.63844943,297.093757391
18947,17.2728931904,38.0003650188,55.2732582092
18948,10.3637359142,51.8186795712,62.1824154854
18949,20.7274718285,76.0007293224,96.7282011509
18950,31.0912070274,152.001456976,183.092664003
18951,41.4549429417,100.182779789,141.637722731
18952,38.0003650188,48.3641009331,86.3644659519
18953,27.6366291046,107.091935158,134.728564262
18954,131.273986101,107.091937065,238.365923166
18955,24.1820504665,20.7274718285,44.909522295
18956,13.8183145523,20.7274718285,34.5457863808
18957,193.456398249,89.8190438747,283.275442123
18958,79.4553079605,24.1820504665,103.637358427
18959,44.9095215797,31.0912077427,76.0007293224
18960,24.1820504665,17.2728931904,41.4549436569
18961,27.6366291046,6.90915727615,34.5457863808
18962,20.7274718285,17.2728931904,38.0003650188
18963,76.0007302761,34.5457856655,110.546515942
18964,89.81904459,359.276170969,449.095215559
18965,179.638086319,145.092299938,324.730386257
18966,86.3644638062,103.637357712,190.001821518
18967,390.36737442,279.820860624,670.188235044
18968,10.3637359142,17.2728931904,27.6366291046
18969,13.8183145523,69.0915727615,82.9098873138
18970,10.3637359142,138.18314147,148.546877384
18971,38.0003652573,165.819768667,203.820133924
18972,3.45457863808,38.0003650188,41.4549436569
18973,19.1441237926,84.2341442108,103.378268003
18974,57.4323711395,61.2611961365,118.693567276
18975,76.5764944553,80.4053194523,156.981813908
18976,38.2882471085,122.522392035,160.810639143
18977,22.9729485512,126.351216078,149.324164629
18978,22.9729485512,53.6035466194,76.5764951706
18979,11.4864742756,114.864741564,126.351215839
18980,19.1441237926,45.9458966255,65.0900204182
18981,413.513069153,95.720618248,509.233687401
18982,107.207092762,95.7206187248,202.927711487
18983,141.66651535,160.810638428,302.477153778
18984,72.7476704121,80.4053194523,153.152989864
18985,22.9729485512,68.9188454151,91.8917939663
18986,53.6035466194,149.324164152,202.927710772
18987,15.3152990341,61.2611958981,76.5764949322
19000,,49.2277450562,49.2277450562
19001,3.28184962273,42.6640450954,45.9458947182
19002,3.28184962273,55.7914450169,59.0732946396
19003,13.1273984909,45.9458947182,59.0732932091
19004,16.4092488289,131.27398634,147.683235168
19005,3.28184962273,32.8184962273,36.10034585
19006,3.28184962273,39.3821954727,42.6640450954
19007,,52.5095946789,52.5095946789
19008,22.9729480743,82.0462408066,105.019188881
19009,22.9729473591,32.8184962273,55.7914435863
19010,124.710287333,229.729478836,354.439766169
19011,6.56369924545,72.2006919384,78.7643911839
19012,6.56369924545,39.3821954727,45.9458947182
19013,49.2277443409,75.4825413227,124.710285664
19014,13.1273984909,42.6640450954,55.7914435863
19015,32.8184962273,36.10034585,68.9188420773
19016,280.939852476,397.066253901,678.006106377
19017,19.7737073898,149.913691521,169.687398911
19018,69.2492814064,83.2853853703,152.534666777
19019,88.6099412441,118.146587133,206.756528378
19023,22.9729473591,22.9729473591,45.9458947182
19024,,22.9729473591,22.9729473591
19025,6.56369924545,45.9458947182,52.5095939636
19026,16.4092488289,29.5366466045,45.9458954334
19027,121.648273468,154.670904398,276.319177866
19028,85.5008208752,391.623593807,477.124414682
19029,59.2460231781,473.873975277,533.119998455
19030,36.1474547386,282.92999053,319.077445269
19031,72.4205298424,309.357512951,381.778042793
19032,115.210196733,362.102646351,477.312843084
19033,194.147320032,95.456287384,289.603607416
19034,599.102436066,414.61224246,1013.71467853
19035,6.57940196991,105.34894371,111.92834568
19036,741.352565289,535.459670782,1276.81223607
19037,83.4856472015,,83.4856472015
19038,173.650146961,23.3759806156,197.026127577
19039,150.274163723,53.4308142662,203.704977989
19040,73.4673676491,3.33942580223,76.8067934513
19041,16.6971297264,16.6971290112,33.3942587376
19042,146.934740305,527.629293203,674.564033508
19043,200.365554571,143.595313787,343.960868359
19044,634.490927219,293.869483948,928.360411167
19045,43.412535429,46.7519626617,90.1644980907
19046,43.4125361443,60.1096651554,103.5222013
19047,46.751963377,43.4125361443,90.1644995213
19048,50.0913882256,116.87990427,166.971292496
19049,30.0548329353,36.7336838245,66.7885167599
19050,30.0548322201,60.1096651554,90.1644973755
19051,86.8250715733,133.577035666,220.402107239
19052,16.6971290112,40.073110342,56.7702393532
19053,43.412535429,23.3759806156,66.7885160446
19054,83.4856493473,170.310720205,253.796369553
19055,70.1279439926,76.8067955971,146.93473959
19056,93.5039255619,50.0913870335,143.595312595
19057,33.3942580223,36.7336838245,70.1279418468
19058,103.5222013,53.4308128357,156.953014135
19059,116.879905224,40.0731096268,156.953014851
19060,56.7702386379,10.0182774067,66.7885160446
19061,66.7885172367,43.4125368595,110.201054096
19062,46.7519619465,6.67885160446,53.4308135509
19063,170.310720205,120.219329596,290.530049801
19064,83.485645771,36.7336850166,120.219330788
19065,10.0182774067,13.3577032089,23.3759806156
19066,30.0548329353,16.6971290112,46.7519619465
19067,40.0731096268,3.33942580223,43.412535429
19068,60.1096651554,237.099241972,297.208907127
19069,123.558756828,40.0731096268,163.631866455
19070,122.522391558,241.215955257,363.738346815
19071,61.2611954212,34.4594228268,95.720618248
19072,42.1170723438,42.1170716286,84.2341439724
19073,26.8017730713,65.0900206566,91.8917937279
19074,38.2882473469,42.1170723438,80.4053196907
19075,26.8017733097,42.1170723438,68.9188456535
19076,30.6305980682,19.1441237926,49.7747218609
19077,7.65764951706,42.1170723438,49.7747218609
19078,7.65764951706,111.035917044,118.693566561
19079,103.378267527,405.855420113,509.233687639
19081,68.9188454151,65.0900201797,134.008865595
19082,,19.1441237926,19.1441237926
19083,,65.090020895,65.090020895
19084,,99.549441576,99.549441576
19085,19.1441237926,57.4323709011,76.5764946938
19086,,26.8017733097,26.8017733097
19087,140.255886555,,140.255886555
19088,106.861625671,13.3577032089,120.21932888
19089,86.8250715733,43.4125368595,130.237608433
19090,621.133227587,126.898183107,748.031410694
19091,103.52220273,40.0731096268,143.595312357
19092,60.1096644402,63.4490909576,123.558755398
19093,20.0365555286,23.3759806156,43.4125361443
19094,193.686700344,333.942592859,527.629293203
19095,213.72325635,46.7519612312,260.475217581
19096,63.4490909576,43.4125361443,106.861627102
19097,120.219332933,53.4308128357,173.650145769
19098,140.255886555,80.1462199688,220.402106524
19099,,20.0365560055,20.0365560055
19100,63.4490909576,217.062687397,280.511778355
19101,387.373411894,377.355129957,764.728541851
19102,53.4308135509,56.7702386379,110.201052189
19103,80.1462206841,153.613589525,233.759810209
19104,320.58488822,390.712836266,711.297724485
19105,307.227185965,197.0261271,504.253313065
19106,203.704982519,407.40996027,611.114942789
19107,73.4673697948,150.274161816,223.74153161
19108,150.274161816,120.219330311,270.493492126
19109,90.1644966602,267.154071569,357.31856823
19110,33.3942580223,60.1096658707,93.503923893
19111,26.7154064178,200.365554333,227.080960751
19112,20.0365548134,56.7702393532,76.8067941666
19113,13.3577032089,103.522201777,116.879904985
19115,174.837978601,80.519220829,255.35719943
19116,13.3577032089,597.757246971,611.11495018
19118,170.316982985,113.58554697,283.902529955
19119,50.4668877125,53.8313484192,104.298236132
19123,80.1462192535,16.6971290112,96.8433482647
19124,80.1462199688,46.7519619465,126.898181915
19125,116.879904509,66.7885167599,183.668421268
19126,66.7885160446,30.0548329353,96.8433489799
19127,136.916461468,86.8250715733,223.741533041
19128,360.657998562,394.05226016,754.710258722
19129,287.190630674,80.1462204456,367.33685112
19130,76.8067953587,16.6971290112,93.5039243698
19131,96.8433482647,70.1279430389,166.971291304
19132,123.558757305,133.57703352,257.135790825
19133,597.757246733,210.38383317,808.141079903
19135,100.933777571,349.903751373,450.837528944
19136,67.2891840935,353.268210411,420.557394505
19250,104.285087585,38.237865448,142.522953033
19251,267.665058136,173.808479309,441.473537445
19252,252.800666809,284.675631523,537.476298332
19253,1643.05696678,1613.24504566,3256.30201244
19254,218.182553291,68.0346879959,286.217241287
19255,1021.72185326,207.345968246,1229.0678215
19256,448.42590332,192.791397095,641.217300415
19258,101.904670715,35.139541626,137.044212341
19259,316.255874634,28.1116333008,344.367507935
19260,383.021003723,49.1953582764,432.216362
19261,309.227966309,91.3628082275,400.590774536
19262,77.3069915771,17.569770813,94.8767623901
19263,372.479141235,126.502349854,498.981491089
19264,105.418624878,49.1953582764,154.613983154
19265,137.044212341,52.709312439,189.75352478
19266,133.530258179,45.6814041138,179.211662292
19267,144.072120667,91.3628082275,235.434928894
19268,161.641891479,14.0558166504,175.69770813
19269,794.153640747,636.02570343,1430.17934418
19270,21.0837249756,17.569770813,38.6534957886
19271,84.3348999023,80.8209457397,165.155845642
19272,158.127937317,49.1953582764,207.323295593
19274,144.072120667,94.8767623901,238.948883057
19275,133.530258179,59.7372207642,193.267478943
19276,56.2232666016,14.0558166504,70.279083252
19277,425.188453674,832.807136536,1257.99559021
19278,147.65559721,291.877339602,439.532936811
19279,164.824851751,51.5077650547,216.332616806
19280,192.295658827,120.184785128,312.480443954
19281,226.634168863,281.575788975,508.209957838
19282,116.750934124,37.7723610401,154.523295164
19283,54.9416160583,10.3015530109,65.2431690693
19294,109.883233547,357.120510101,467.003743649
19295,103.01553154,75.5447235107,178.560255051
19296,85.8462748528,20.6031060219,106.449380875
19297,17.1692557335,3.43385100365,20.6031067371
19298,504.776101828,72.1108725071,576.886974335
19299,294.857315063,86.0657756329,380.923090696
19300,46.8238899708,23.3226568699,70.1465468407
19301,157.64092207,179.356407166,336.997329235
19302,490.132951736,602.639008522,1092.77196026
19303,81.1623995304,26.9350829124,108.097482443
19304,490.968443394,528.192998409,1019.1614418
19305,60.9387633801,226.827622175,287.766385555
19306,33.854868412,294.537362576,328.392230988
19307,125.263014078,402.872939825,528.135953903
19308,40.6258420944,169.274345875,209.900187969
19309,6.7709736824,152.346909285,159.117882967
19310,6.7709736824,226.827620268,233.59859395
19311,20.3129210472,301.308331966,321.621253014
19312,13.5419473648,257.297004223,270.838951588
19313,3.3854868412,250.526027441,253.911514282
19314,,341.934175014,341.934175014
19316,56.4892685413,98.8562207222,155.345489264
19317,60.0198481083,204.773600578,264.793448687
19318,84.7339034081,84.7339031696,169.467806578
19319,247.140558004,536.648055553,783.788613558
19320,38.8363728523,70.6115858555,109.447958708
19321,233.01823616,60.0198485851,293.038084745
19322,49.4281101227,67.0810072422,116.509117365
19323,112.978537798,158.876069784,271.854607582
19324,91.795062542,190.651283264,282.446345806
19325,759.074548244,1112.13249421,1871.20704246
19326,236.548814774,639.034856319,875.583671093
19327,155.345490456,229.487654448,384.833144903
19328,60.0198478699,155.34548974,215.36533761
19329,28.2446346283,243.609973192,271.854607821
19330,60.0198488235,670.81007123,730.829920053
19331,52.9586896896,289.507503986,342.466193676
19332,35.305793047,172.998386621,208.304179668
19333,14.1223173141,109.447959185,123.570276499
19334,45.8975317478,148.28433156,194.181863308
19335,38.8363721371,84.7339034081,123.570275545
19336,3.53057932854,42.3669519424,45.897531271
19337,,3.53057932854,3.53057932854
19338,,469.567046881,469.567046881
19339,148.332694054,518.269688129,666.602382183
19340,452.446151257,729.524074316,1181.97022557
19341,1011.92205429,162.74519372,1174.66724801
19342,246.173265934,90.4892303944,336.662496328
19343,260.150488853,24.4238703251,284.574359179
19344,249.558752298,31.3399364948,280.898688793
19345,450.99522686,154.813482523,605.808709383
19346,444.514436245,62.6798732281,507.194309473
19347,272.966975212,31.3399362564,304.306911469
19348,353.009559631,111.382520676,464.392080307
19349,469.228492022,107.851941824,577.080433846
19350,497.037848473,96.9700186253,594.007867098
19351,183.783577204,44.7367913723,228.520368576
19352,371.823197842,59.2943861485,431.11758399
19353,527.362140417,69.3057541847,596.667894602
19354,432.133229494,61.519133091,493.652362585
19355,399.487462282,58.7140164375,458.20147872
19356,492.007986069,66.2104518414,558.21843791
19357,135.419473648,50.782302618,186.201776266
19358,151.814911127,70.6115865707,222.426497698
19359,158.87606883,28.2446346283,187.120703459
19360,102.386800289,,102.386800289
19361,349.527353048,,349.527353048
19362,105.917379618,,105.917379618
19363,135.41947484,10.1564605236,145.575935364
19364,128.648501873,3.3854868412,132.033988714
19365,74.4807112217,6.7709736824,81.2516849041
19366,223.44213438,10.1564605236,233.598594904
19367,47.3968160152,,47.3968160152
19368,643.242536545,430.827401161,1074.06993771
19369,135.608403206,32.9858279228,168.594231129
19370,747.678754807,47.6461958885,795.324950695
19371,938.263544083,18.3254599571,956.58900404
19372,1202.15017653,7.33018398285,1209.48036051
19374,397.666254044,1210.84814811,1608.51440215
19376,35.139541626,14.0558166504,49.1953582764
19377,410.104890347,680.029469728,1090.13436007
19379,268.813713074,841.255716801,1110.06942987
19381,600.939058781,623.488817692,1224.42787647
19382,421.017044544,1323.32490969,1744.34195423
19383,439.342505455,936.729496479,1376.07200193
19384,51.3112878799,266.251927853,317.563215733
19385,66.1379070282,376.302921772,442.4408288
19386,280.84428215,1072.50414276,1353.34842491
19387,150.903547764,258.256740093,409.160287857
19388,,18.3254594803,18.3254594803
19389,36.6509199142,140.973794937,177.624714851
19390,73.4680900574,73.6041150093,147.072205067
19391,55.5431466103,143.437341213,198.980487823
19393,100.242156029,216.794600487,317.036756516
19394,691.526040077,409.409667492,1100.93570757
19395,583.769810438,708.848940849,1292.61875129
19396,294.869870663,99.622490406,394.492361069
19397,373.000568867,177.420681477,550.421250343
19398,1262.59773254,780.649456501,2043.24718904
19399,37.1496753693,69.6367478371,106.786423206
19400,96.6224069595,158.596461773,255.218868732
19401,114.615359783,202.078812122,316.694171906
19402,132.940817833,329.51821804,462.459035873
19403,305.857596397,177.753182411,483.610778809
19404,372.668063641,427.976939201,800.645002842
19405,102.788826466,222.233036995,325.021863461
19406,322.52053833,254.886369228,577.406907558
19407,40.3160119057,140.104753971,180.420765877
19408,69.6367478371,277.541921139,347.178668976
19409,338.012160301,387.827188492,725.839348793
19410,321.190525055,446.634912491,767.825437546
19411,158.762717247,162.261555195,321.024272442
19412,29.3207359314,192.579801559,221.900537491
19413,47.6461958885,507.445201397,555.091397285
19414,66.1379065514,391.991026878,458.12893343
19416,114.615362167,226.23063755,340.845999718
19417,177.586932659,125.776885986,303.363818645
19418,575.411873817,239.727245331,815.139119148
19419,14.6603679657,139.273494244,153.933862209
19421,398.084897995,507.53286624,905.617764235
19422,,70.2246742249,70.2246742249
19423,,111.72107172,111.72107172
19424,9.57609200478,15.9601533413,25.5362453461
19425,3.19203066826,57.4565517902,60.6485824585
19426,,130.873254061,130.873254061
19427,3.19203066826,28.7282760143,31.9203066826
19428,9.57609200478,181.945747137,191.521839142
19429,12.768122673,73.4167053699,86.184828043
19430,,57.4565517902,57.4565517902
19431,51.0724923611,89.3768575191,140.44934988
19432,194.713864803,102.144981146,296.858845949
19433,54.2645215988,44.6884293556,98.9529509544
19434,47.8804600239,178.753715992,226.634176016
19435,172.369651794,54.264521122,226.634172916
19436,134.065287113,12.768122673,146.833409786
19437,12.7681224346,35.1123373508,47.8804597855
19438,6.38406133652,35.1123373508,41.4963986874
19439,6.38406133652,79.800766468,86.1848278046
19440,38.3043680191,25.5362451077,63.8406131268
19441,328.779155254,57.4565520287,386.235707283
19442,696.428151608,555.608637094,1252.0367887
19443,9.34729242325,122.811331749,132.158624172
19444,15.7313537598,132.08235693,147.81371069
19445,159.666635513,254.51235652,414.178992033
19446,223.278448105,280.353665829,503.632113934
19447,25.3074457645,176.313186646,201.62063241
19448,31.3864405155,53.2730565071,84.6594970226
19449,28.1181437969,50.5386250019,78.6567687988
19450,626.966145039,333.474188328,960.440333366
19451,53.4255890846,101.382315874,154.807904959
19452,28.2706768513,44.0782971382,72.3489739895
19454,9.57609200478,108.529042482,118.105134487
19455,6.38406133652,22.3442146778,28.7282760143
19456,35.1123373508,414.96398592,450.076323271
19457,6.38406133652,12.768122673,19.1521840096
19458,28.7282760143,79.8007657528,108.529041767
19459,28.7282760143,108.529042244,137.257318258
19460,121.297163725,105.337011576,226.634175301
19461,22.3442146778,57.4565517902,79.800766468
19462,54.264521122,150.025440216,204.289961338
19463,194.71386838,331.971184969,526.685053349
19464,82.9927971363,127.681225777,210.674022913
19465,54.2645208836,92.5688884258,146.833409309
19466,424.540071487,181.945746899,606.485818386
19467,73.7930374146,24.5976791382,98.3907165527
19468,84.3348999023,14.0558166504,98.3907165527
19469,221.379112244,49.1953582764,270.57447052
19470,154.613983154,49.1953582764,203.809341431
19471,130.016304016,31.6255874634,161.641891479
19472,165.155845642,101.904670715,267.060516357
19473,347.881462097,38.6534957886,386.534957886
19475,161.641891479,70.279083252,231.920974731
19477,21.0837249756,3.5139541626,24.5976791382
19478,73.7930374146,3.5139541626,77.3069915771
19479,112.446533203,35.139541626,147.586074829
19480,115.960487366,7.0279083252,122.988395691
19481,91.3628082275,,91.3628082275
19482,657.109428406,848.185394287,1505.29482269
19489,10819.04614,916.01604104,11735.062181
19490,2387.58128023,279.550735235,2667.13201547
19491,2562.96841717,401.49517107,2964.46358824
19492,1639.71717978,331.639950037,1971.35712981
19493,1337.17604685,720.979794979,2058.15584183
19494,1540.40751505,843.024506569,2383.43202162
19495,5180.71331978,9336.69805551,14517.4113753
19496,7204.05747056,3246.45145082,10450.5089214
19497,6814.53403735,6098.56001019,12913.0940475
19498,4820.98081875,5276.07335758,10097.0541763
19499,13484.1895611,8532.81385469,22017.0034158
19500,1061.43725801,1146.96354866,2208.40080667
19502,301.593394518,872.273069143,1173.86646366
19503,292.325622559,818.801636219,1111.12725878
19504,464.479922533,1680.79039717,2145.2703197
19505,2844.01786113,3671.13277984,6515.15064096
19506,505.98812747,1077.52882528,1583.51695275
19528,687.657885313,1719.44426298,2407.10214829
19539,626.367678642,1495.25485563,2121.62253428
19560,310.363281965,934.944045067,1245.30732703
19561,1372.63915253,2356.15292478,3728.7920773
19562,304.608613491,949.664239645,1254.27285314
19563,707.007281542,1472.61621857,2179.62350011
19565,320.275061607,709.358135462,1029.63319707
19566,792.322979927,663.866590977,1456.1895709
19567,103.448923826,16.9222004414,120.371124268
19568,498.525465965,583.612781525,1082.13824749
19569,718.152632713,352.353542566,1070.50617528
19571,1831.9397552,539.569565535,2371.50932074
19572,1093.42779708,284.540772438,1377.96856952
19573,2603.94836688,1129.21633339,3733.16470027
19574,963.972340345,293.149057865,1257.12139821
19575,1158.85362744,362.986349344,1521.83997679
19589,66.7651290894,172.183753967,238.948883057
19590,224.893066406,344.367507935,569.260574341
19591,1690.62755418,1650.03192401,3340.65947819
19592,74.8132154942,229.578331947,304.391547441
19593,309.832509995,1043.90885258,1353.74136257
19594,207.028573751,436.727821112,643.756394863
19595,522.332279205,864.470485687,1386.80276489
19596,108.781440735,174.22410965,283.005550385
19597,48.6663742065,191.189329147,239.855703354
19598,132.094444275,305.902923584,437.997367859
19599,90.3804092407,264.18888855,354.569297791
19600,38.237865448,139.046783447,177.284648895
19601,107.761257172,347.616960526,455.378217697
19602,48.6663742065,79.9519004822,128.618274689
19603,41.7140350342,184.236988068,225.951023102
19604,31.2855262756,173.808479309,205.094005585
19605,69.5233917236,187.713157654,257.236549377
19606,31.2855262756,184.236988068,215.522514343
19607,10.4285087585,232.903362274,243.331871033
19608,639.615203857,636.139034271,1275.75423813
19609,52.1425437927,97.3327484131,149.475292206
19623,83.4280700684,132.094444275,215.522514343
19624,45.1902046204,125.142105103,170.332309723
19625,13.9046783447,166.856140137,180.760818481
19626,86.9042396545,253.760379791,340.664619446
19627,59.0948829651,121.665935516,180.760818481
19628,45.1902046204,55.6187133789,100.808917999
19657,948.994300842,434.521198273,1383.51549911
19658,45.1902046204,38.237865448,83.4280700684
19659,31.2855262756,79.9519004822,111.237426758
19660,6.95233917236,90.3804092407,97.3327484131
19661,59.0948829651,218.998683929,278.093566895
19662,62.5710525513,187.713157654,250.284210205
19663,59.0948829651,121.665935516,180.760818481
19664,27.8093566895,128.618274689,156.427631378
19665,142.522953033,159.903800964,302.426753998
19666,48.6663742065,253.760379791,302.426753998
19667,10.4285087585,166.856140137,177.284648895
19669,132.094444275,253.760379791,385.854824066
19670,121.665937424,111.237426758,232.903364182
19671,,41.7140350342,41.7140350342
19672,6.95233917236,86.9042396545,93.8565788269
19673,27.8093566895,187.713157654,215.522514343
19674,86.9042396545,149.475292206,236.37953186
19675,,69.5233917236,69.5233917236
19676,1729.00987673,637.147198915,2366.15707564
19677,1675.94037747,403.475433826,2079.4158113
19678,4627.08136225,2582.88758826,7209.96895051
19679,1670.71773624,336.805043459,2007.5227797
19680,826.94186902,243.821545839,1070.76341486
19681,528.057142496,243.208894253,771.266036749
19682,574.538068771,310.322588682,884.860657454
19684,750.07269311,937.260195732,1687.33288884
19685,10816.2391679,14521.7784448,25338.0176127
19686,5969.25542927,5738.49687791,11707.7523072
19687,5820.63635707,7568.00076342,13388.6371205
19688,2933.26451254,5302.36614561,8235.63065815
19689,7502.09971237,7198.06949329,14700.1692057
19690,183.783586979,252.702432156,436.486019135
19691,1729.13042521,2962.17325234,4691.30367756
19692,680.985497475,1308.04411149,1989.02960896
19693,889.408098221,3338.29816842,4227.70626664
19694,257.643129587,2471.87690115,2729.52003074
19695,228.915878534,2874.33146358,3103.24734211
19696,815.463372469,8517.14487314,9332.60824561
19697,153.152990103,386.711299896,539.864289999
19698,303.579564333,125.29621172,428.875776052
19699,222.112125397,452.022959948,674.135085344
19700,240.469152212,93.2787041664,333.747856379
19701,42.1170723438,199.098886967,241.215959311
19702,198.197981119,92.9705018997,291.168483019
19703,72.7476704121,313.963626385,386.711296797
19704,112.422827482,135.85807991,248.280907393
19705,141.666515827,268.017730951,409.684246778
19706,254.547077656,674.260658026,928.807735682
19707,183.101524353,437.896625757,620.99815011
19708,60.0675930977,183.752579451,243.820172548
19709,828.266213655,1001.15236712,1829.41858077
19710,145.495335579,348.810570955,494.305906534
19711,117.56196785,374.387737751,491.949705601
19712,210.817871809,570.277849197,781.095721006
19713,213.933634996,1025.75295568,1239.68659067
19714,1021.43671489,348.321423292,1369.75813818
19715,695.313179731,224.469364643,919.782544374
19716,323.464203596,139.387818098,462.852021694
19717,473.506594181,179.784242392,653.290836573
19718,827.449830055,831.738527298,1659.18835735
19719,338.2593472,89.966183424,428.225530624
19720,581.375073195,229.798372984,811.173446178
19721,14.0558166504,189.75352478,203.809341431
19722,21.0837249756,565.746620178,586.830345154
19723,21.0837249756,808.209457397,829.293182373
19724,21.0837249756,1036.61647797,1057.70020294
19725,1286.44728279,945.253669739,2231.70095253
19726,742.373823404,375.237406492,1117.6112299
19728,554.433956146,413.603740215,968.037696362
19729,807.461326599,297.220067263,1104.68139386
19731,750.920686483,89.3677895069,840.28847599
19732,652.802000999,497.727046967,1150.52904797
19733,1029.95130062,356.141143084,1386.0924437
19734,586.700638533,308.961864233,895.662502766
19735,286.988036871,73.7930374146,360.781074286
19736,400.628559351,57.7724294662,458.400988817
19737,873.629459143,95.1034691334,968.732928276
19738,212.386412382,171.088004827,383.47441721
19739,108.932579041,,108.932579041
19740,138.593374729,28.1116333008,166.70500803
19741,209.741500616,35.7214221954,245.462922812
19742,313.81528163,206.645975828,520.461257458
19744,214.001349449,79.4170436859,293.418393135
19745,600.192051411,396.649718523,996.841769934
19746,181.244465828,326.797737122,508.04220295
19747,158.127937317,235.434928894,393.562866211
19748,392.822290897,621.229311466,1014.05160236
19749,80.8209457397,21.0837249756,101.904670715
19750,126.502349854,52.709312439,179.211662292
19751,237.46773243,91.3628082275,328.830540657
19752,266.319941044,66.7651290894,333.085070133
19753,207.323295593,171.443178654,378.766474247
19754,116.613284349,50.0791647434,166.692449093
19755,154.207071304,36.3437607288,190.550832033
19756,375.126839638,192.734657288,567.861496925
19757,230.507021427,118.975685358,349.482706785
19758,123.302412271,19.7102308273,143.012643099
19759,277.152333021,36.5223357677,313.674668789
19760,171.692552328,432.665232658,604.357784986
19761,30.9046597481,51.5077650547,82.4124248028
19762,48.0739140511,30.9046590328,78.9785730839
19763,13.7354040146,6.86770200729,20.6031060219
19764,58.3754684925,212.898764849,271.274233341
19765,171.692555428,82.4124248028,254.10498023
19766,157.957149506,34.3385100365,192.295659542
19767,58.3754684925,3.43385100365,61.8093194962
19768,68.6770207882,75.5447254181,144.221746206
19769,96.1478288174,17.1692550182,113.317083836
19770,85.8462750912,13.7354040146,99.5816791058
19771,41.206212759,6.86770200729,48.0739147663
19772,151.08944726,13.7354040146,164.824851274
19773,17.1692550182,,17.1692550182
19774,48.0739147663,,48.0739147663
19775,37.7723617554,,37.7723617554
19776,34.3385100365,3.43385100365,37.7723610401
19777,58.375467062,3.43385100365,61.8093180656
19778,196.781433105,235.434928894,432.216362
19779,34.3385100365,13.7354040146,48.0739140511
19781,1962.06350708,2503.62808418,4465.69159126
19782,154.613983154,54.7421159744,209.356099129
19783,168.669799805,660.43446064,829.104260445
19784,91.3628082275,168.669799805,260.032608032
19785,105.418624878,66.0245537758,171.443178654
19786,228.407020569,87.1082787514,315.51529932
20482,594.198321342,223.170098305,817.368419647
20490,106.884661674,144.608659267,251.493320942
20491,101.20188427,140.376807213,241.578691483
20492,130.583075523,45.704076767,176.28715229
20493,34.5803315639,44.0113310814,78.5916626453
20494,93.2547800541,313.069618702,406.324398756
20495,325.527591705,102.308668613,427.836260319
20496,388.56158185,706.071899176,1094.63348103
20497,562.697694063,444.112642288,1006.81033635
20498,222.035191298,410.765100718,632.800292015
20499,376.681920767,255.771673203,632.453593969
20500,146.543226242,586.1729002,732.716126442
20501,599.900854111,104.633865356,704.534719467
20502,124.339707851,488.477412462,612.817120314
20503,353.429956913,144.162214994,497.592171907
20504,59.9495015144,315.289971828,375.239473343
20505,155.788199186,55.8047289848,211.592928171
20506,288.645738363,1683.0267365,1971.67247486
20507,988.208771706,190.666155338,1178.87492704
20508,331.737591267,854.173114777,1185.91070604
20509,910.927302599,306.942196131,1217.86949873
20510,387.449024916,510.631239891,898.080264807
20511,664.792046547,534.229198694,1199.02124524
20512,612.246635437,263.256794214,875.503429651
20513,161.428093195,694.123303175,855.55139637
20514,428.293217421,102.907157421,531.200374842
20515,78.4779243469,477.952017069,556.429941416
20516,382.77596879,147.437715769,530.213684559
20517,89.016710043,247.193129063,336.209839106
20518,1802.09246349,325.94815731,2128.0406208
20519,633.700679541,1837.80238008,2471.50305963
20520,676.632351398,9.30078792572,685.933139324
20521,88.8140752316,661.664862871,750.478938103
20522,1748.54820919,1341.09251857,3089.64072776
20523,50.4668865204,77.3825619221,127.849448442
20524,60.9808244705,18.2942476273,79.2750720978
20525,279.250104904,410.464016199,689.714121103
20526,311.002201557,280.511791706,591.513993263
20527,40.3735098839,222.054298639,262.427808523
20528,250.021381378,164.648225784,414.669607162
20529,242.241057873,370.090508223,612.331566095
20530,73.1769895554,82.3241119385,155.501101494
20531,131.213903666,121.120529175,252.33443284
20532,100.618360519,115.863566399,216.481926918
20533,316.25916338,161.494040251,477.75320363
20534,436.012889385,277.462750435,713.47563982
20535,434.015229464,306.165789366,740.181018829
20536,70.127948761,12.1961650848,82.3241138458
20537,26.9156734943,30.2801334858,57.1958069801
20538,173.795347691,125.010690689,298.80603838
20539,201.867546797,296.072405338,497.939952135
20540,15.245206356,21.3432884216,36.5884947777
20541,30.2801334858,33.644592762,63.9247262478
20542,12.1961650848,18.2942466736,30.4904117584
20543,3.3644592762,16.822296381,20.1867556572
20544,18.2942476273,9.14712381363,27.4413714409
20545,13.4578371048,40.3735113144,53.8313484192
20546,91.4712362289,121.961649418,213.432885647
20547,144.671745539,222.05430603,366.726051569
20548,6.09808254242,,6.09808254242
20549,37.0090498924,10.0933778286,47.102427721
20550,118.912608624,103.667402744,222.580011368
20551,238.876604795,272.521191359,511.397796154
20552,103.667401791,21.3432888985,125.010690689
20553,97.5693163872,50.4668869972,148.036203384
20554,143.304936409,36.5884947777,179.893431187
20555,161.494038582,43.7379705906,205.232009172
20556,115.863564491,82.3241119385,198.18767643
20557,252.334431887,262.427821398,514.762253284
20558,33.5394539833,30.4904127121,64.0298666954
20559,20.1867556572,40.3735105991,60.5602662563
20560,350.639739513,420.76768446,771.407423973
20561,356.632670164,538.31345582,894.946125984
20562,64.0298662186,30.4904127121,94.5202789307
20563,57.1958069801,84.111479044,141.307286024
20564,24.3923301697,57.9317836761,82.3241138458
20565,117.75606966,53.8313477039,171.587417364
20566,33.5394539833,387.228230476,420.76768446
20567,265.792271376,37.0090513229,302.801322699
20568,928.590717554,1231.39202952,2159.98274708
20569,811.044951916,585.415906906,1396.46085882
20570,88.4221959114,51.8337011337,140.255897045
20571,50.466889143,107.662696362,158.129585505
20572,48.7846598625,67.0789074898,115.863567352
20573,141.307287455,47.1024284363,188.409715891
20584,64.0298666954,170.746308327,234.776175022
20589,494.575485468,16.822296381,511.397781849
20590,54.8827428818,161.599185467,216.481928349
20591,201.867543697,13.4578371048,215.325380802
20592,3.04904127121,155.501102448,158.550143719
20593,393.641710043,3.3644592762,397.006169319
20594,,1030.57591677,1030.57591677
20595,901.675041676,,901.675041676
20597,681.031370878,285.059065104,966.090435982
20598,597.498157978,770.837905884,1368.33606386
20599,176.467639685,139.5724895,316.040129185
20647,277.751882553,97.3415167332,375.093399286
20648,117.992637396,88.755136013,206.747773409
20774,79.9519004822,517.949268341,597.901168823
20775,151.100028992,35.139541626,186.239570618
20778,28.0418772697,74.778339386,102.820216656
20779,71.6160714626,58.5949676037,130.211039066
20780,179.040178776,201.827112675,380.867291451
20781,115.283272743,214.987722397,330.27099514
20782,58.5949673653,58.5949673653,117.189934731
20783,81.0098671913,124.630565166,205.640432358
20784,46.7364621162,112.167508602,158.903970718
20785,110.679383039,32.5527598858,143.232142925
20786,46.7364616394,71.6625747681,118.399036407
20895,307.649422884,51.0509958267,358.700418711
20979,787.544266939,824.724165201,1612.26843214
20980,302.825221062,277.324154377,580.149375439
20981,272.928724766,781.390356064,1054.31908083
21042,169.388255596,241.084522963,410.472778559
21057,191.896837234,107.4348948,299.331732035
21058,43.1597042084,11.0221087933,54.1818130016
21059,104.999163866,38.8665139675,143.865677834
21060,157.901782036,91.6552302837,249.55701232
21061,311.576408386,49.8522257805,361.428634167
21062,12.4630565643,12.4630565643,24.9261131287
21063,3.25527596474,22.7869317532,26.0422077179
21064,18.6945848465,21.8103489876,40.5049338341
21065,45.5738635063,16.2763798237,61.85024333
21066,18.6945848465,28.0418772697,46.7364621162
21067,35.8080356121,19.5316557884,55.3396914005
21068,28.0418772697,115.28327179,143.325149059
21069,94.4030046463,16.2763798237,110.67938447
21070,9.34729242325,37.389169693,46.7364621162
21071,32.5527596474,22.7869319916,55.3396916389
21072,15.5788207054,31.1576414108,46.7364621162
21073,13.0211038589,,13.0211038589
21074,21.8103489876,127.746328831,149.556677818
21075,107.424107313,39.0633115768,146.48741889
21076,12.4630565643,15.5788207054,28.0418772697
21077,16.2763798237,16.2763800621,32.5527598858
21078,24.9261131287,65.4310460091,90.3571591377
21079,39.0633115768,26.0422077179,65.1055192947
21080,15.5788202286,59.1995186806,74.7783389091
21081,71.6625747681,77.8941035271,149.556678295
21082,94.4030034542,91.1477272511,185.550730705
21083,208.756194592,74.7783389091,283.534533501
21084,61.8502435684,221.358767986,283.209011555
21085,37.3891692162,52.9679899216,90.3571591377
21086,55.3396916389,61.8502435684,117.189935207
21087,6.23152828217,31.1576414108,37.389169693
21088,42.3185875416,26.0422077179,68.3607952595
21089,,31.157640934,31.157640934
21090,68.3607954979,9.76582789421,78.1266233921
21091,28.0418767929,109.051744461,137.093621254
21092,234.379870892,71.6160714626,305.995942354
21093,361.428637028,180.714317799,542.142954826
21094,159.508522987,504.567780018,664.076303005
21095,84.1256313324,96.5886874199,180.714318752
21096,87.8924515247,78.1266233921,166.019074917
21097,24.9261131287,65.4310455322,90.3571586609
21098,65.1055197716,58.5949673653,123.700487137
21099,99.7044525146,149.556676865,249.261129379
21100,143.232144594,94.4030032158,237.63514781
21101,274.187241077,252.376891613,526.56413269
21102,205.082387447,260.42208004,465.504467487
21103,853.71935463,993.928740501,1847.64809513
21104,1259.79182839,937.51949501,2197.3113234
21105,319.017047644,162.763799429,481.780847073
21106,162.019732475,218.103488922,380.123221397
21107,52.9679903984,162.019734383,214.987724781
21108,182.295456171,65.1055192947,247.400975466
21109,579.439134359,91.1477277279,670.586862087
21110,105.935978889,557.721769333,663.657748222
21111,15.5788207054,59.1995182037,74.7783389091
21112,94.4030036926,39.0633115768,133.466315269
21113,40.5049338341,112.167508602,152.672442436
21114,107.42410779,26.0422079563,133.466315746
21115,18.6945848465,56.0837545395,74.778339386
21116,130.211039066,13.0211038589,143.232142925
21117,559.907476187,58.5949676037,618.50244379
21118,155.78820467,470.48037529,626.26857996
21119,152.997971535,22.7869317532,175.784903288
21120,37.389169693,152.672440529,190.061610222
21121,166.019077301,39.0633118153,205.082389116
21122,34.2734055519,236.798070908,271.07147646
21123,332.038152456,45.5738637447,377.612016201
21124,34.2734055519,302.22911644,336.502521992
21125,,99.704451561,99.704451561
21126,91.1477270126,16.2763798237,107.424106836
21127,781.266236544,598.226698399,1379.49293494
2113,3.5697312355,189.195753098,192.765484333
21196,105.418624878,28.1116333008,133.530258179
21231,1672.9588697,564.276050806,2237.2349205
21232,365.454016924,1772.50706673,2137.96108365
21233,344.78766799,1664.1826582,2008.97032619
21234,1366.90898275,256.575273991,1623.48425674
21961,60.6854305267,78.5340867043,139.219517231
21962,769.824059963,595.655724525,1365.47978449
21963,238.797749758,235.123023748,473.920773506
21964,247.400976181,787.776797295,1035.17777348
21966,774.211005926,314.487561941,1088.69856787
22100,453.141390324,733.146861553,1186.28825188
22109,51.8337011337,82.3241128922,134.157814026
22110,107.662695408,33.644592762,141.30728817
22111,6.09808254242,97.5693202019,103.667402744
22112,114.39161396,16.822296381,131.213910341
22152,1641.40451026,5454.1631794,7095.56768966
22153,4044.81931615,1670.89990568,5715.71922183
22305,414.646591187,70.279083252,484.925674438
2232,134.100456238,10.0575342178,144.157990456
22320,83.4280700684,3.47616958618,86.9042396545
22471,,34.5457856655,34.5457856655
22559,317.46497488,184.085855007,501.550829887
22560,348.702063799,180.31128788,529.013351679
22561,434.88765502,318.87581706,753.76347208
22563,71.8206920624,159.964267731,231.784959793
22612,97.9373073578,117.524768829,215.462076187
22903,6.38406133652,15.9601533413,22.3442146778
22904,3.43385100365,3.43385100365,6.86770200729
323,,7.13946247101,7.13946247101
378,,17.8486557007,17.8486557007
398,29.6779704094,29.6779711246,59.355941534
40228,150.672780275,351.569808245,502.24258852
40235,192.700713158,70.6569271088,263.357640266
4039,587.737171173,192.700710297,780.43788147
4084,282.627710342,160.583925247,443.21163559
409,29.6779711246,72.5461509228,102.224122047
4124,924.963427544,73.8686056137,998.832033157
4125,468.905062675,77.0802841187,545.985346794
4126,157.372247696,44.9634990692,202.335746765
4127,128.467141151,22.4817495346,150.948890686
4128,128.467140198,22.4817495346,150.948889732
4129,48.1751775742,16.0583925247,64.2335700989
4130,28.9051065445,,28.9051065445
4131,109.197069168,25.6934280396,134.890497208
4132,144.525533676,19.2700710297,163.795604706
4133,221.605816841,80.2919626236,301.897779465
4134,128.467140198,12.8467140198,141.313854218
4135,520.291932106,588.41728878,1108.70922089
4136,67.4452486038,6.42335700989,73.8686056137
4137,195.912389755,19.2700710297,215.182460785
4138,122.043783188,19.2700710297,141.313854218
4139,157.372246742,9.63503551483,167.007282257
4140,125.255461693,9.63503551483,134.890497208
4141,289.580048561,428.740189552,718.320238113
4142,263.35764122,431.422889709,694.78053093
4143,125.255461693,322.225814819,447.481276512
4144,325.437493324,897.796387672,1223.233881
4145,273.332735062,420.352040291,693.684775352
4146,95.6324510574,238.722176552,334.354627609
4147,35.3284635544,200.899938583,236.228402138
4148,44.9635000229,199.65305233,244.616552353
4149,16.0583925247,209.288084984,225.346477509
4150,259.239132881,451.221940041,710.461072922
4151,48.1751785278,59.057100296,107.232278824
4152,42.9987077713,266.380393028,309.3791008
4153,57.810213089,153.442664146,211.252877235
4154,41.7518205643,98.1262254715,139.878046036
4155,144.525533676,134.172593117,278.698126793
4156,35.3284645081,35.3284635544,70.6569280624
4157,107.232278824,231.051930428,338.284209251
4158,39.7870292664,225.346478462,265.133507729
4159,26.9403152466,152.195777893,179.13609314
4160,38.5401420593,359.330145836,397.870287895
4161,49.4220657349,174.677526474,224.099592209
4162,55.8454217911,118.643183708,174.488605499
4163,3.21167850494,64.2335700989,67.4452486038
4164,46.2103862762,223.381689072,269.592075348
4165,9.63503551483,87.9622068405,97.5972423553
4166,,108.479166031,108.479166031
4167,122.043783188,203.582633018,325.626416206
4168,9.63503551483,78.3271713257,87.9622068405
4169,,152.724760056,152.724760056
4170,41.7518205643,147.737211227,189.489031792
4171,3.21167850494,79.5740585327,82.7857370377
4172,,155.93643856,155.93643856
4173,,67.4452486038,67.4452486038
4174,584.765956402,583.337007523,1168.10296392
4175,9.56290197372,1224.05141354,1233.61431551
4176,9.56290197372,156.194064617,165.756966591
4177,25.5010719299,194.445672989,219.946744919
4178,251.82308054,420.767680168,672.590760708
4179,98.8166537285,650.277319431,749.09397316
4180,95.6290197372,360.202634811,455.831654549
4181,162.569330692,452.644018173,615.213348866
4182,114.754821301,162.569331169,277.32415247
4183,22.3134379387,63.752679348,86.0661172867
4185,57.3774118423,44.6268758774,102.00428772
4186,1520.50138474,1963.58247042,3484.08385515
4187,51.002143383,127.505356312,178.507499695
4188,54.1897773743,102.004286289,156.194063663
4189,137.068257809,82.8784813881,219.946739197
4190,130.692991734,165.75696516,296.449956894
4191,66.9403133392,124.317724705,191.258038044
4192,66.9403128624,143.443529129,210.383841991
4193,57.3774118423,127.50535965,184.882771492
4194,92.4413843155,232.6972785,325.138662815
4195,51.0021438599,117.942457676,168.944601536
4196,15.9381699562,95.6290192604,111.567189217
4197,388.891341209,188.070404053,576.961745262
4198,108.379554749,188.070404053,296.449958801
4199,51.002143383,82.8784832954,133.880626678
4200,388.891335964,554.648301601,943.539637566
4201,143.443528652,251.823081493,395.266610146
4202,28.6887059212,76.503215313,105.191921234
4203,121.130090714,146.63116169,267.761252403
4204,124.317724705,283.699420452,408.017145157
4205,168.944600105,124.317725658,293.262325764
4206,219.946742535,184.882767677,404.829510212
4323,72.3194432259,736.343417645,808.66286087
4324,92.042927742,364.884463549,456.927391291
4331,210.383833408,749.492407322,959.87624073
4332,131.48989749,358.309967279,489.799864769
4333,46.021463871,197.234843969,243.25630784
4334,19.7234845161,262.979792595,282.703277111
43472,943.97768569,512.863224268,1456.84090996
43473,40.7624294758,615.78696084,656.549390316
43474,2759.75184441,2910.35008097,5670.10192537
43475,951.10018301,17.1692552567,968.269438267
43476,958.475695848,30.1671078205,988.642803669
43477,688.281615257,1610.3028605,2298.58447576
43480,26.1882648468,860.672766447,886.861031294
4384,13.1489896774,62.4577007294,75.6066904068
4440,3.28724741936,23.0107319355,26.2979793549
4441,9.86174225807,85.4684329033,95.3301751614
4442,9.86174225807,111.76641202,121.628154278
4443,85.468432188,174.224112988,259.692545176
4444,9.86174225807,65.7449483871,75.6066906452
4445,3.28724741936,32.8724741936,36.1597216129
4446,9.86174225807,157.787875175,167.649617434
4447,9.86174225807,59.1704535484,69.0321958065
4448,29.5852267742,62.4577009678,92.042927742
4449,16.4362370968,65.7449481487,82.1811852455
4450,409.507900953,325.92869091,735.436591864
4451,389.784417152,189.262323856,579.046741009
4452,417.064792156,116.942882061,534.007674217
4453,680.535782337,355.967331171,1036.50311351
4454,259.239131451,137.61097765,396.8501091
4455,154.991825342,39.4469690323,194.438794374
4456,166.251592398,32.8724741936,199.124066591
4457,82.1811850071,36.1597216129,118.34090662
4458,215.10689187,76.5513017178,291.658193588
4460,57.7724285126,56.8278172016,114.600245714
4461,274.730757713,43.6788277626,318.409585476
4462,126.804624319,30.5298380852,157.334462404
4463,88.7556800842,50.2533226013,139.009002686
4464,262.979790926,440.491152048,703.470942974
4465,118.340906858,26.297978878,144.638885736
4466,261.581768036,88.7556800842,350.33744812
4468,185.030465603,23.9553432465,208.985808849
4469,148.417331934,36.1597216129,184.577053547
4470,390.729026794,49.3087112904,440.037738085
4471,236.681813717,20.6680958271,257.349909544
4472,124.915401459,6.57449483871,131.489896297
4473,92.0429275036,3.28724741936,95.3301749229
4474,46.021463871,9.86174225807,55.8832061291
4475,236.681814194,46.966075182,283.647889376
4476,118.340907812,23.9553432465,142.296251059
4477,116.942882061,6.57449483871,123.5173769
4478,192.549572229,72.3194429874,264.869015217
4479,109.423775911,6.57449483871,115.99827075
4480,184.085855484,6.57449483871,190.660350323
4481,221.190187216,46.021463871,267.211651087
4482,69.9768071175,3.28724741936,73.2640545368
4483,195.836819887,3.28724741936,199.124067307
4484,679.062184095,459.799010277,1138.86119437
4485,1385.33837605,6.96149969101,1392.29987574
4486,355.036468506,27.8459985256,382.882467031
4487,417.689969778,20.884499073,438.574468851
4488,435.093723536,174.037490129,609.131213665
4489,539.516209364,52.2112474442,591.727456808
4490,292.382980347,104.422495127,396.805475473
4491,414.209226608,125.306993961,539.51622057
4492,191.441240788,111.383994341,302.825235128
4493,76.5764961243,10.4422495365,87.0187456608
4494,87.0187461376,59.1727457047,146.191491842
4495,1917.89308,1514.12611318,3432.01919317
4496,80.0572464466,34.807498455,114.864744902
4497,45.2497479916,45.2497477531,90.4994957447
4498,97.4609913826,76.576495409,174.037486792
4499,285.421485662,201.883486271,487.304971933
4500,146.191491127,93.9802436829,240.17173481
4501,205.36423707,66.1342468262,271.498483896
4502,97.4609951973,76.5764963627,174.03749156
4503,201.883487701,135.749243498,337.632731199
4504,219.287237406,114.864744425,334.151981831
4505,132.268491507,55.6919958591,187.960487366
4506,233.210234404,428.132218361,661.342452765
4507,226.248739481,149.672240257,375.920979738
4508,121.826244354,83.5379960537,205.364240408
4509,107.90324235,132.268493414,240.171735764
4510,215.806488276,212.325739622,428.132227898
4511,170.556740522,69.6149964333,240.171736956
4512,100.941744804,80.0572464466,180.998991251
4945,137.081992149,22.3683958054,159.450387955
6032,70.1279478073,76.5032157898,146.631163597
6034,31.8763399124,66.9403138161,98.8166537285
6035,63.7526798248,79.690849781,143.443529606
6036,105.19192028,133.880626202,239.072546482
6037,124.317724228,89.2537508011,213.571475029
6038,653.464950562,615.213347435,1268.678298
6039,178.507499695,353.827364922,532.334864616
6040,124.317724228,204.008574009,328.326298237
6041,86.0661168098,60.5650444031,146.631161213
6043,261.385983467,102.004285812,363.390269279
6044,255.010714531,162.569331646,417.580046177
6045,63.7526798248,82.8784837723,146.631163597
6046,264.573616505,137.068259716,401.641876221
6047,146.631162643,207.196207523,353.827370167
6048,63.752679348,200.820939541,264.573618889
6049,51.0021438599,140.255894184,191.258038044
6050,130.692993164,251.82308197,382.516075134
6051,156.194063663,471.769824028,627.963887691
6052,357.015004158,433.51821804,790.533222198
6053,395.266609192,1074.23262787,1469.49923706
6054,159.381698608,516.396699429,675.778398037
6056,216.759109497,605.650442123,822.40955162
6057,172.132234573,267.76125288,439.893487453
6058,395.266608238,398.454242229,793.720850468
6059,490.697767019,210.933431149,701.631198168
6060,226.475895643,44.4070384502,270.882934093
6061,790.445273161,228.696246147,1019.14151931
6062,437.4093225,133.221116304,570.630438805
6063,361.917355537,82.1530208588,444.070376396
6064,373.019119501,19.9831674099,393.002286911
6065,228.696246862,15.542463541,244.238710403
6066,310.849267244,26.6442232132,337.493490458
6067,597.274656773,44.4070386887,641.681695461
6068,450.731436729,33.3052790165,484.036715746
6069,355.256304026,19.9831674099,375.239471436
6070,475.155305862,17.7628154755,492.918121338
6071,190.950265646,2.22035193443,193.17061758
6072,197.611320496,6.66105556488,204.27237606
6103,281.940733671,229.729489088,511.670222759
6104,111.383994818,167.075989485,278.459984303
6105,177.518240929,125.306993961,302.82523489
6106,107.903244495,76.5764961243,184.47974062
6107,327.190480709,226.248739243,553.439219952
6108,114.864744663,48.7304978371,163.5952425
6109,167.075992107,66.1342470646,233.210239172
6110,153.15299201,107.903243542,261.056235552
6111,121.826243877,87.018743515,208.844987392
6112,588.246713877,483.824220419,1072.0709343
6113,316.748232603,208.844989538,525.593222141
6114,219.287237883,264.536983728,483.824221611
6115,38.2882480621,69.6149969101,107.903244972
6116,24.3652486801,17.4037489891,41.7689976692
6117,87.0187458992,125.3069942,212.325740099
6118,261.056234837,274.979235411,536.035470247
6119,104.422493696,76.5764966011,180.998990297
6120,247.133234978,261.056237221,508.189472198
6121,403.766970873,125.306993961,529.073964834
6122,160.114492416,41.7689981461,201.883490562
6123,142.710743427,73.0957465172,215.806489944
6124,215.806488037,80.0572464466,295.863734484
6125,563.881462574,250.613986015,814.495448589
6126,508.189461946,403.766973734,911.95643568
6127,1033.78266644,361.997978926,1395.78064537
6128,452.497472763,167.0759902,619.573462963
6129,403.766974926,73.0957465172,476.862721443
6130,288.90223074,400.286225557,689.188456297
6131,431.612969875,313.267482042,744.880451918
6132,292.382985353,400.286226749,692.669212103
6133,174.389780521,323.202389479,497.59217
6134,79.0566980839,383.65751791,462.714215994
6135,295.300026894,795.217410326,1090.51743722
6136,95.3330769539,327.852789164,423.185866117
6137,86.0322897434,399.933894157,485.966183901
6138,69.7559094429,448.763035774,518.518945217
6139,20.9267728329,406.909486771,427.836259604
6140,25.5771667957,469.689816475,495.266983271
6141,53.4795320034,746.388266087,799.86779809
6142,62.7803192139,416.210279465,478.990598679
6143,11.6259849072,311.576403618,323.202388525
6144,13.9511818886,297.625222921,311.57640481
6145,9.30078792572,188.340961933,197.641749859
6146,2.32519698143,141.837019444,144.162216425
6147,1085.75206375,730.111896992,1815.86396074
7354,87.1652965546,,87.1652965546
8345,90.5178079605,23.4675798416,113.985387802
9156,16.7625570297,53.6401824951,70.4027395248
940,6.59510469437,16.4877617359,23.0828664303
946,3.29755234718,29.6779711246,32.9755234718
947,197.853140116,395.706277847,593.559417963
950,13.1902093887,36.273075819,49.4632852077
955,19.7853140831,72.5461509228,92.3314650059
968,3.29755234718,69.2485985756,72.5461509228
980,,59.3559408188,59.3559408188
992,67.1051874161,23.1240849495,90.2292723656
